{
    "pstart": [
        2.2750000059604645
    ],
    "pstop": [
        395.29999999701977
    ]
}