{
    "xx": 0.9,
    "txx": [
        160.96916916916
    ],
    "txx1": [
        12.234634634622637
    ],
    "txx2": [
        173.20380380378265
    ],
    "txx_err": [
        [
            26.32952952952806,
            38.29749749749536
        ]
    ],
    "txx1_err": [
        [
            4.188788788788543,
            1.1967967967967184
        ]
    ],
    "txx2_err": [
        [
            26.92792792792642,
            34.108708708706786
        ]
    ],
    "csf": [
        -1.4581726227034466,
        126.61337617625811
    ],
    "csf1": [
        4.945404817244631
    ],
    "csf2": [
        120.20979873631003
    ]
}