{
    "pstart": [
        18.00006686614798
    ],
    "pstop": [
        96.00006617585969
    ]
}