{
    "xx": 0.9,
    "txx": [
        78.75517047421306
    ],
    "txx1": [
        11.34608822859434
    ],
    "txx2": [
        90.1012587028074
    ],
    "txx_err": [
        [
            14.53481500650669,
            33.89463033067395
        ]
    ],
    "txx1_err": [
        [
            20.43646828761223,
            8.972108028707822
        ]
    ],
    "txx2_err": [
        [
            12.541013222349378,
            29.40857631632008
        ]
    ],
    "csf": [
        -90.30923310714043,
        3461.73235204907
    ],
    "csf1": [
        87.29284615067003
    ],
    "csf2": [
        3284.1302727912594
    ]
}