{
    "xx": 0.9,
    "txx": [
        82.7427747747779
    ],
    "txx1": [
        10.847639639647582
    ],
    "txx2": [
        93.59041441442548
    ],
    "txx_err": [
        [
            17.02706738738803,
            33.89463063063192
        ]
    ],
    "txx1_err": [
        [
            19.938018018018766,
            10.46745945945986
        ]
    ],
    "txx2_err": [
        [
            13.956612612613128,
            27.41477477477582
        ]
    ],
    "csf": [
        -96.82367731477113,
        3446.5038534504197
    ],
    "csf1": [
        80.34269922348837
    ],
    "csf2": [
        3269.33747691216
    ]
}