{
    "xx": 0.9,
    "txx": [
        79.7520720720751
    ],
    "txx1": [
        10.34918918919712
    ],
    "txx2": [
        90.10126126127221
    ],
    "txx_err": [
        [
            13.458162162162694,
            37.88223423423565
        ]
    ],
    "txx1_err": [
        [
            21.433369369370183,
            10.965909909910323
        ]
    ],
    "txx2_err": [
        [
            10.965909909910351,
            30.90392792792909
        ]
    ],
    "csf": [
        -97.08721078328531,
        3459.2124648806293
    ],
    "csf1": [
        80.72777299991037
    ],
    "csf2": [
        3281.3974810974337
    ]
}