{
    "xx": 0.9,
    "txx": [
        79.2536216216246
    ],
    "txx1": [
        10.34918918919712
    ],
    "txx2": [
        89.60281081082172
    ],
    "txx_err": [
        [
            13.9566126126131,
            31.40237837837958
        ]
    ],
    "txx1_err": [
        [
            20.436468468469258,
            10.46745945945986
        ]
    ],
    "txx2_err": [
        [
            11.464360360360786,
            27.41477477477582
        ]
    ],
    "csf": [
        -93.94925549114798,
        3455.8355068669566
    ],
    "csf1": [
        83.53998262675721
    ],
    "csf2": [
        3278.3462687490514
    ]
}