{
    "edges": [
        -199.0,
        18.00006708566635,
        62.00006669194786,
        96.00006639086182,
        299.0
    ],
    "nblock": 4,
    "re_binsize": [
        217.00006708566636,
        43.999999606281506,
        33.99999969891396,
        202.99993360913817
    ]
}