{
    "sigma": 3,
    "ignore": [
        [
            18.00006708566635,
            96.00006639086182
        ]
    ],
    "re_bkg": [
        [
            [
                -199.0,
                18.00006708566635
            ],
            [
                96.00006639086182,
                299.0
            ]
        ],
        [
            0,
            3
        ]
    ],
    "re_sig": [
        [
            [
                18.00006708566635,
                62.00006669194786
            ],
            [
                62.00006669194786,
                96.00006639086182
            ]
        ],
        [
            1,
            2
        ],
        [
            109,
            110,
            111,
            112,
            113,
            114,
            115,
            116,
            117,
            118,
            119,
            120,
            121,
            122,
            123,
            124,
            125,
            126,
            127,
            128,
            129,
            130,
            131,
            132,
            133,
            134,
            135,
            136,
            137,
            138,
            139,
            140,
            141,
            142,
            143,
            144,
            145,
            146,
            147,
            148
        ]
    ],
    "re_bad": [
        [],
        [],
        []
    ]
}