{
    "pstart": [
        5.103232926447723e-05
    ],
    "pstop": [
        60.00005072171558
    ]
}