{
    "xx": 0.9,
    "txx": [
        67.28918918919175
    ],
    "txx1": [
        2.369129129136752
    ],
    "txx2": [
        69.6583183183285
    ],
    "txx_err": [
        [
            11.962522522523017,
            24.30385825825914
        ]
    ],
    "txx1_err": [
        [
            3.4890690690691883,
            6.978138138138405
        ]
    ],
    "txx2_err": [
        [
            11.962522522522988,
            15.451591591592148
        ]
    ],
    "csf": [
        -29.86590834907969,
        3765.3848721107274
    ],
    "csf1": [
        159.89663067391064
    ],
    "csf2": [
        3575.622333087737
    ]
}