{
    "xx": 0.9,
    "txx": [
        67.28918884083464
    ],
    "txx1": [
        2.369128086645901
    ],
    "txx2": [
        69.65831692748054
    ],
    "txx_err": [
        [
            10.965645588876782,
            24.423483357043693
        ]
    ],
    "txx1_err": [
        [
            3.489069051006254,
            5.622385556478603
        ]
    ],
    "txx2_err": [
        [
            11.464084024734802,
            15.950029947457097
        ]
    ],
    "csf": [
        -27.042556738273838,
        3775.8834761567155
    ],
    "csf1": [
        163.10374490647558
    ],
    "csf2": [
        3585.7371745119663
    ]
}