{
    "xx": 0.9,
    "txx": [
        67.28918918919175
    ],
    "txx1": [
        2.369129129136752
    ],
    "txx2": [
        69.6583183183285
    ],
    "txx_err": [
        [
            11.464084084084533,
            26.915675675676667
        ]
    ],
    "txx1_err": [
        [
            3.4890690690691883,
            5.482822822823039
        ]
    ],
    "txx2_err": [
        [
            11.962522522522988,
            15.950030030030632
        ]
    ],
    "csf": [
        -29.29676413368828,
        3762.5057383402814
    ],
    "csf1": [
        160.29336099001017
    ],
    "csf2": [
        3572.915613216583
    ]
}