{
    "xx": 0.9,
    "txx": [
        67.28918918919175
    ],
    "txx1": [
        2.369129129136752
    ],
    "txx2": [
        69.6583183183285
    ],
    "txx_err": [
        [
            10.965645645646106,
            23.925045045045962
        ]
    ],
    "txx1_err": [
        [
            3.7482570570571903,
            4.984384384384583
        ]
    ],
    "txx2_err": [
        [
            11.962522522522988,
            15.451591591592148
        ]
    ],
    "csf": [
        -26.956272596266732,
        3763.987754878857
    ],
    "csf1": [
        162.5909287774894
    ],
    "csf2": [
        3574.4405535051005
    ]
}