{
    "xx": 0.9,
    "txx": [
        59.812612612614885
    ],
    "txx1": [
        4.362882882890574
    ],
    "txx2": [
        64.17549549550546
    ],
    "txx_err": [
        [
            8.4734534534538,
            18.940660660661365
        ]
    ],
    "txx1_err": [
        [
            4.485945945946099,
            5.981261261261494
        ]
    ],
    "txx2_err": [
        [
            7.975015015015316,
            14.953153153153721
        ]
    ],
    "csf": [
        -105.67018014305485,
        3427.979779997789
    ],
    "csf1": [
        71.01231786398732
    ],
    "csf2": [
        3251.297281990747
    ]
}