{
    "edges": [
        -199.0,
        5.094368143184273e-05,
        30.00005078844042,
        60.00005063414268,
        299.0
    ],
    "nblock": 4,
    "re_binsize": [
        199.00005094368143,
        29.999999844758985,
        29.999999845702263,
        238.99994936585733
    ]
}