{
    "sigma": 3,
    "ignore": [
        [
            5.094368143184273e-05,
            60.00005063414268
        ]
    ],
    "re_bkg": [
        [
            [
                -199.0,
                5.094368143184273e-05
            ],
            [
                60.00005063414268,
                299.0
            ]
        ],
        [
            0,
            3
        ]
    ],
    "re_sig": [
        [
            [
                5.094368143184273e-05,
                30.00005078844042
            ],
            [
                30.00005078844042,
                60.00005063414268
            ]
        ],
        [
            1,
            2
        ],
        [
            100,
            101,
            102,
            103,
            104,
            105,
            106,
            107,
            108,
            109,
            110,
            111,
            112,
            113,
            114,
            115,
            116,
            117,
            118,
            119,
            120,
            121,
            122,
            123,
            124,
            125,
            126,
            127,
            128,
            129,
            130
        ]
    ],
    "re_bad": [
        [],
        [],
        []
    ]
}