{
    "xx": 0.9,
    "txx": [
        79.25362162162463
    ],
    "txx1": [
        10.847639639647582
    ],
    "txx2": [
        90.10126126127221
    ],
    "txx_err": [
        [
            14.953513513514082,
            35.96818450450586
        ]
    ],
    "txx1_err": [
        [
            19.439567567568304,
            9.969009009009397
        ]
    ],
    "txx2_err": [
        [
            14.95351351351411,
            30.4054774774786
        ]
    ],
    "csf": [
        -92.53008380866717,
        3455.7057725283335
    ],
    "csf1": [
        84.88170900818284
    ],
    "csf2": [
        3278.2939797114836
    ]
}