{
    "xx": 0.9,
    "txx": [
        83.24122522522836
    ],
    "txx1": [
        10.34918918919712
    ],
    "txx2": [
        93.59041441442548
    ],
    "txx_err": [
        [
            18.44266666666735,
            31.900828828830043
        ]
    ],
    "txx1_err": [
        [
            19.938018018018766,
            10.965909909910323
        ]
    ],
    "txx2_err": [
        [
            14.45506306306362,
            26.91632432432533
        ]
    ],
    "csf": [
        -105.96110066573567,
        3452.6926328925865
    ],
    "csf1": [
        71.97158601218038
    ],
    "csf2": [
        3274.7599462146704
    ]
}