{
    "xx": 0.9,
    "txx": [
        79.25362162162463
    ],
    "txx1": [
        10.847639639647582
    ],
    "txx2": [
        90.10126126127221
    ],
    "txx_err": [
        [
            13.956612612613156,
            32.89772972973094
        ]
    ],
    "txx1_err": [
        [
            20.01777009009084,
            10.46745945945986
        ]
    ],
    "txx2_err": [
        [
            10.46745945945986,
            26.41787387387484
        ]
    ],
    "csf": [
        -95.64135379245262,
        3442.7676561947364
    ],
    "csf1": [
        81.2790967069068
    ],
    "csf2": [
        3265.847205695377
    ]
}