{
    "edges": [
        -92.05009999871254,
        2.2750000059604645,
        75.39995000511408,
        148.29999999701977,
        395.29999999701977
    ],
    "nblock": 4,
    "re_binsize": [
        94.325100004673,
        73.12494999915361,
        72.90004999190569,
        247.0
    ]
}