{
    "edges": [
        -200.0,
        -92.05009999871254,
        2.2750000059604645,
        75.39995000511408,
        148.29999999701977,
        395.29999999701977,
        400.0
    ],
    "nblock": 6,
    "re_binsize": [
        107.94990000128746,
        94.325100004673,
        73.12494999915361,
        72.90004999190569,
        247.0,
        4.700000002980232
    ]
}