{
    "xx": 0.9,
    "txx": [
        67.28918918919175
    ],
    "txx1": [
        2.369129129136752
    ],
    "txx2": [
        69.6583183183285
    ],
    "txx_err": [
        [
            11.90270990991035,
            23.426606606607493
        ]
    ],
    "txx1_err": [
        [
            3.987507507507644,
            4.984384384384583
        ]
    ],
    "txx2_err": [
        [
            11.962522522522988,
            15.950030030030632
        ]
    ],
    "csf": [
        -28.553127424957598,
        3764.8638442274028
    ],
    "csf1": [
        161.11772115766036
    ],
    "csf2": [
        3575.192995644785
    ]
}