{
    "xx": 0.9,
    "txx": [
        67.28918918919175
    ],
    "txx1": [
        2.369129129136752
    ],
    "txx2": [
        69.6583183183285
    ],
    "txx_err": [
        [
            12.401148348348805,
            22.42972972973058
        ]
    ],
    "txx1_err": [
        [
            2.990630630630733,
            6.978138138138405
        ]
    ],
    "txx2_err": [
        [
            12.460960960961415,
            14.713902702703237
        ]
    ],
    "csf": [
        -27.65384098494789,
        3764.2710352214326
    ],
    "csf1": [
        161.9424028253711
    ],
    "csf2": [
        3574.674791411114
    ]
}