{
    "xx": 0.9,
    "txx": [
        67.28918918919175
    ],
    "txx1": [
        2.369129129136752
    ],
    "txx2": [
        69.6583183183285
    ],
    "txx_err": [
        [
            11.464084084084512,
            23.107606006006876
        ]
    ],
    "txx1_err": [
        [
            3.987507507507644,
            6.47969969969995
        ]
    ],
    "txx2_err": [
        [
            11.962522522522988,
            15.950030030030632
        ]
    ],
    "csf": [
        -30.219567242428116,
        3779.2266661659137
    ],
    "csf1": [
        160.25274442798892
    ],
    "csf2": [
        3588.7543544954965
    ]
}